gml_Script_scr_url_open,0x28A4F9C0,1
gml_Script_scr_mod_ini_read_string,0x28A4F940,3
gml_Script_scr_exception_handling,0x28A4F8E0,5
gml_Script_anon__2310,0x28A4F8C0,6
gml_Script_scr_localPlayer_add_screenshake,0x28A4F840,8
gml_Script_scr_mod_ini_read_real,0x28A4F7E0,10
gml_Script_scr_modweapon_init,0x28A4F780,12
gml_Script_macros,0x28A4F720,14
gml_Script_scr_create_bullet,0x28A4F6A0,16
gml_Script_scr_create_bullet_effects,0x28A4F620,18
gml_Script_scr_create_bullet_shell,0x28A4F5C0,20
gml_Script_scr_particle_effects_unit,0x28A4F560,22
gml_Script_scr_quest_rewards,0x28A4F500,24
gml_Script_scr_draw_interacting_bar,0x28A4F480,26
gml_Script_scr_chest_select_loottable,0x28A4F420,28
gml_Script_scr_chest_loottable_ammo,0x28A4F3C0,30
gml_Script_scr_mystery_reward,0x28A4F360,32
gml_Script_scr_chest_loottable_health,0x28A4F2E0,34
gml_Script_scr_shrine_effect_active,0x28A4F280,36
gml_Script_scr_display_prompt_tooltip,0x28A4F220,38
gml_Script_scr_weapon_descriptions,0x28A4F1C0,40
gml_Script_scr_ammotypes,0x28A4F180,42
gml_Script_scr_ammotypes_classbased,0x28A4F100,44
gml_Script_scr_roll_ammotype,0x28A4F0A0,46
gml_Script_scr_unlock_ammo,0x28A4F040,48
gml_Script_scr_weapon_firing,0x28A4EFC0,50
gml_Script_scr_weapon_init_free,0x28A4EF40,52
gml_Script_scr_attachments_init,0x28A4EEC0,54
gml_Script_scr_attachments_init_ultimate,0x28A4EE40,56
gml_Script_scr_attachments_apply,0x28A4EDE0,58
gml_Script_scr_attachments_apply_ultimate,0x28A4ED80,60
gml_Script_scr_weapon_variants_init,0x28A4ED20,62
gml_Script_scr_weapon_variants_init_ultimate,0x28A4ECE0,64
gml_Script_scr_weapon_pickup,0x28A4EC80,66
gml_Script_scr_tooltipbig_weapons_getdata,0x28A4EC00,68
gml_Script_scr_weapon_tooltipbars,0x28A4EBA0,70
gml_Script_scr_activereload,0x28A4EB40,72
gml_Script_scr_weapon_drop,0x28A4EAE0,74
gml_Script_scr_player_currency_change,0x28A4EA60,76
gml_Script_scr_player_data_change,0x28A4EA00,78
gml_Script_scr_player_labfunds_change,0x28A4E9A0,80
gml_Script_scr_player_exp_change,0x28A4E940,82
gml_Script_scr_player_keycard_gain,0x28A4E8E0,84
gml_Script_scr_player_interest_change,0x28A4E880,86
gml_Script_scr_player_ammo_gaining,0x28A4E820,88
gml_Script_scr_player_health_healing,0x28A4E7C0,90
gml_Script_scr_plating_gaining,0x28A4E760,92
gml_Script_scr_microchip_gaining,0x28A4E6E0,94
gml_Script_scr_player_health_damage,0x28A4E680,96
gml_Script_scr_chest_loottable,0x28A4E620,98
gml_Script_scr_statboost,0x28A4E5C0,100
gml_Script_scr_randomstatboost_gaining,0x28A4E540,102
gml_Script_scr_glow_splat_draw,0x28A4E4E0,104
gml_Script_scr_popup,0x28A4E480,106
gml_Script_scr_vial_gaining,0x28A4E400,108
gml_Script_scr_questlog,0x28A4E3A0,110
gml_Script_scr_is_player_stuck,0x28A4E320,112
gml_Script_scr_reset_player,0x28A4E2A0,114
gml_Script_scr_get_interpolated_shifted_player_pos,0x28A4E240,116
gml_Script_scr_player_multiplayer_revive,0x28A4E1E0,118
gml_Script_scr_player_set_stealth,0x28A4E180,120
gml_Script_scr_badge_display,0x28A4E120,122
gml_Script_scr_classcheck,0x28A4E0C0,124
gml_Script_scr_class_sprites,0x28A4E040,126
gml_Script_scr_humanoid_attack_movement,0x28A4DFC0,128
gml_Script_scr_humanoid_attack_movement_create,0x28A4DF80,130
gml_Script_scr_humanoid_movement,0x28A4DF20,132
gml_Script_scr_basic_unit_defensive_stats_calc,0x28A4DEE0,134
gml_Script_scr_basic_unit_defense_stats,0x28A4DE80,136
gml_Script_scr_damage_numbers,0x28A4DE20,138
gml_Script_scr_bloodsplat_large,0x28A4DDA0,140
gml_Script_scr_statuseffects_collision,0x28A4DD20,142
gml_Script_BallCreate,0x28A4DCE0,144
gml_Script_BallStep,0x28A4DC80,146
gml_Script_DrawStatesDebug,0x28A4DC20,148
gml_Script_scr_view_cone,0x28A4DBC0,150
gml_Script_scr_search_audio_at,0x28A4DB40,152
gml_Script_scr_enm_knockback,0x28A4DAC0,154
gml_Script_scr_getSpawnInSpriteRect,0x28A4DA40,156
gml_Script_scr_spawn_alarm_squad,0x28A4D9E0,158
gml_Script_scr_dispatch_headhunters,0x28A4D980,160
gml_Script_scr_AlertEnemy,0x28A4D940,162
gml_Script_scr_setup_patrolling,0x28A4D8C0,164
gml_Script_scr_select_from_spawntable,0x28A4D840,166
gml_Script_scr_enemy_ctrl_enforcerCoverPos,0x28A4D7E0,168
gml_Script_scr_enemy_get_closest_fire_pos,0x28A4D780,170
gml_Script_scr_enemy_grid_get_cell,0x28A4D720,172
gml_Script_scr_enemy_optimize_path,0x28A4D6C0,174
gml_Script_set_enemy_path,0x28A4D680,176
gml_Script_scr_enemy_reached_destination,0x28A4D600,178
gml_Script_scr_enemy_get_random_position,0x28A4D5A0,180
gml_Script_scr_enemy_stop_moving,0x28A4D540,182
gml_Script_scr_enm_base_destructor,0x28A4D4E0,184
gml_Script_scr_is_pos_in_enemy_view,0x28A4D480,186
gml_Script_scr_damage_bot,0x28A4D440,188
gml_Script_scr_heal_bot,0x28A4D3E0,190
gml_Script_scr_nearest_team_member,0x28A4D360,192
gml_Script_scr_get_spawn_pos_on_radius,0x28A4D300,194
gml_Script_scr_enm_voiceover,0x28A4D2A0,196
gml_Script_scr_enm_sensor_check,0x28A4D220,198
gml_Script_scr_item_descriptions,0x28A4D1A0,200
gml_Script_scr_item_tooltip,0x28A4D140,202
gml_Script_scr_raritycolors_init,0x28A4D0C0,204
gml_Script_scr_drop_item,0x28A4D080,206
gml_Script_scr_drop_bossLoot,0x28A4D000,208
gml_Script_scr_pickup_loottable,0x28A4CF80,210
gml_Script_scr_item_activeandcooldown,0x28A4CF00,212
gml_Script_scr_item_leveling,0x28A4CEA0,214
gml_Script_scr_item_variants_allitems_bonus,0x28A4CE40,216
gml_Script_scr_indentifypotion_effect,0x28A4CDE0,218
gml_Script_scr_item_variants_init,0x28A4CD80,220
gml_Script_scr_transfer_item_coop,0x28A4CD20,222
gml_Script_scr_perks_chips,0x28A4CCE0,224
gml_Script_spr_perks_artefacts,0x28A4CC60,226
gml_Script_scr_class_upgrades,0x28A4CBE0,228
gml_Script_scr_talent_desctiptions,0x28A4CB60,230
gml_Script_scr_convert_talenttext,0x28A4CB00,232
gml_Script_scr_curses_init,0x28A4CAC0,234
gml_Script_scr_perk_save,0x28A4CA60,236
gml_Script_scr_find_talent_id,0x28A4C9E0,238
gml_Script_scr_find_talent_objectindex,0x28A4C960,240
gml_Script_scr_talents_new,0x28A4C920,242
gml_Script_scr_rebinding_button,0x28A4C8A0,244
gml_Script_scr_esc_video,0x28A4C840,246
gml_Script_scr_esc_game,0x28A4C7E0,248
gml_Script_scr_esc_other,0x28A4C780,250
gml_Script_scr_esc_help,0x28A4C720,252
gml_Script_scr_esc_help2,0x28A4C6C0,254
gml_Script_scr_esc_credits,0x28A4C660,256
gml_Script_scr_esc_bindings,0x28A4C5E0,258
gml_Script_scr_esc_bindings_items,0x28A4C560,260
gml_Script_scr_esc_language,0x28A4C500,262
gml_Script_scr_unlock_descriptions,0x28A4C480,264
gml_Script_scr_class_descriptions,0x28A4C420,266
gml_Script_scr_check_unlock,0x28A4C3C0,268
gml_Script_scr_color_transistion,0x28A4C340,270
gml_Script_scr_talent_selection,0x28A4C2E0,272
gml_Script_scr_get_percentage,0x28A4C260,274
gml_Script_scr_remap_valuerange,0x28A4C1E0,276
gml_Script_scr_sort_objList_by_dist,0x28A4C160,278
gml_Script_scr_sort_objList_by_depth,0x28A4C100,280
gml_Script_scr_distance_sqr,0x28A4C0A0,282
gml_Script_scr_sort_vectList_by_dist,0x28A4C020,284
gml_Script_scr_find_vect_in_list,0x28A4BFC0,286
gml_Script_scr_list_contains,0x28A4BF60,288
gml_Script_scr_list_delete,0x28A4BF00,290
gml_Script_scr_list_add_unique,0x28A4BE80,292
gml_Script_scr_is_pos_in_rectangle,0x28A4BE00,294
gml_Script_scr_object_is_parent,0x28A4BDA0,296
gml_Script_scr_is_parent,0x28A4BD40,298
gml_Script_scr_find_highest_parent,0x28A4BCC0,300
gml_Script_scr_set_depth,0x28A4BC80,302
gml_Script_scr_string_trim_whites,0x28A4BC00,304
gml_Script_scr_localization,0x28A4BBA0,306
gml_Script_scr_instance_nearest,0x28A4BB20,308
gml_Script_scr_random_gaussian,0x28A4BAA0,310
gml_Script_scr_random_exponential,0x28A4BA20,312
gml_Script_scr_split_string,0x28A4B9C0,314
gml_Script____struct___0_scr_get_array_for_particle_gml_GlobalScript_scr_get_array_for_particle,0x28A4B940,316
gml_Script_scr_get_array_for_particle,0x28A4B920,317
gml_Script_scr_range_and_soundcheck,0x28A4B8C0,319
gml_Script_scr_prop_spawn_random,0x28A4B860,321
gml_Script_scr_array_choose,0x28A4B800,323
gml_Script_scr_object_debug,0x28A4B780,325
gml_Script_scr_terrorlevel_increase,0x28A4B700,327
gml_Script_scr_draw_pausebackground,0x28A4B6A0,329
gml_Script_scr_prop_shadow_ao_init,0x28A4B640,331
gml_Script_tmc_EASE_enums,0x28A4B600,333
gml_Script_tmc_ease_lerp,0x28A4B5A0,335
gml_Script_tmc_ease_progress,0x28A4B520,337
gml_Script_tmc_ease_start_end,0x28A4B4A0,339
gml_Script_DirtyBloom_define,0x28A4B420,341
gml_Script_DirtyBloom_enable,0x28A4B3A0,343
gml_Script_DirtyBloom_disable,0x28A4B320,345
gml_Script_DirtyBloom_enabled,0x28A4B2A0,347
gml_Script_DirtyBloom_set_strength,0x28A4B220,349
gml_Script_DirtyBloom_ghostsdefine,0x28A4B1C0,351
gml_Script_tmc_vect_to_vect3,0x28A4B160,353
gml_Script_tmc_vect_mult,0x28A4B100,355
gml_Script_tmc_vect2,0x28A4B0A0,357
gml_Script_tmc_vect3,0x28A4B040,359
gml_Script_tmc_vect4,0x28A4AFE0,361
gml_Script_tmc_vect_add,0x28A4AF80,363
gml_Script_tmc_vect_rev,0x28A4AF20,365
gml_Script_tmc_vect_scaler,0x28A4AEC0,367
gml_Script_tmc_vect_dot,0x28A4AE60,369
gml_Script_tmc_vect_cross,0x28A4AE00,371
gml_Script_tmc_vect_dist,0x28A4ADA0,373
gml_Script_tmc_vect_len,0x28A4AD40,375
gml_Script_tmc_vect_divr,0x28A4ACE0,377
gml_Script_tmc_vect_perp,0x28A4AC80,379
gml_Script_tmc_vect_multr,0x28A4AC20,381
gml_Script_tmc_vect_norm,0x28A4ABC0,383
gml_Script_tmc_vect_to_vect4,0x28A4AB40,385
gml_Script_tmc_vect_to_vect2,0x28A4AAC0,387
gml_Script_tmc_vect_div,0x28A4AA60,389
gml_Script_tmc_vect_comp,0x28A4AA00,391
gml_Script_tmc_vect2_rot,0x28A4A9A0,393
gml_Script_tmc_vect_is_zero,0x28A4A920,395
gml_Script_tmc_vect3_sqr,0x28A4A8C0,397
gml_Script_vect,0x28A4A860,399
gml_Script_cleanmem_init,0x28A4A820,401
gml_Script_cleanmem,0x28A4A7C0,403
gml_Script_cleanmem_get_mem,0x28A4A740,405
gml_Script_line_solid_intersection,0x28A4A6C0,407
gml_Script_lines_intersect,0x28A4A680,409
gml_Script_draw_rectangle_width,0x28A4A600,411
gml_Script_draw_circle_width,0x28A4A580,413
gml_Script_avoid_circle,0x28A4A520,415
gml_Script_avoid_rectangle,0x28A4A4C0,417
gml_Script_image_scale,0x28A4A460,419
gml_Script_draw_reset,0x28A4A400,421
gml_Script_draw_magnify,0x28A4A3A0,423
gml_Script_draw_magnify_fast,0x28A4A320,425
gml_Script_draw_magnify_ext,0x28A4A2A0,427
gml_Script_draw_magnify_path_circle,0x28A4A220,429
gml_Script_draw_magnify_path_simple,0x28A4A1C0,431
gml_Script_draw_magnify_path,0x28A4A160,433
gml_Script_draw_magnify_laser,0x28A4A0E0,435
gml_Script_draw_path_gradient,0x28A4A060,437
gml_Script_random_color,0x28A4A000,439
gml_Script_tolerance,0x28A49FA0,441
gml_Script_path_random_circle,0x28A49F20,443
gml_Script_path_random,0x28A49EC0,445
gml_Script_create_shockwave,0x28A49E40,447
gml_Script_scr_enter_next_floor,0x28A49DC0,449
gml_Script_scr_colors_borderdecal_finder,0x28A49D40,451
gml_Script_scr_find_chunk_surface,0x28A49CE0,453
gml_Script_scr_draw_decal_on_chunks,0x28A49C80,455
gml_Script_scr_is_field_In_rect_list,0x28A49C20,457
gml_Script_scr_fit_shape_in_rect_list,0x28A49BC0,459
gml_Script_scr_spawn_chunk_field,0x28A49B60,461
gml_Script_scr_setup_chunk_fields,0x28A49B00,463
gml_Script_scr_fieldNodes_getFieldNodesForShape,0x28A49AC0,465
gml_Script_scr_chunk_isPathConnected,0x28A49A60,467
gml_Script_scr_chunk_connect_path,0x28A49A00,469
gml_Script_scr_node_A_Star,0x28A499C0,471
gml_Script_scr_get_shape_dimensions,0x28A49940,473
gml_Script_scr_chunk_getPathSet,0x28A498E0,475
gml_Script_scr_fieldNodes_distance,0x28A49860,477
gml_Script_scr_chunk_helper_sets_connect,0x28A49800,479
gml_Script_scr_fit_shape_in_node_list,0x28A497A0,481
gml_Script_scr_spawn_rnd_smallRoom,0x28A49740,483
gml_Script_scr_spawn_rnd_extra,0x28A496E0,485
gml_Script_scr_spawn_rnd_smallRoom_noWalls,0x28A49660,487
gml_Script_scr_spawn_room,0x28A49620,489
gml_Script_scr_spawn_rnd_mediumRoom,0x28A495A0,491
gml_Script_scr_spawn_rnd_mediumRoom_noWalls,0x28A49560,493
gml_Script_scr_spawn_rnd_bigRoom,0x28A49500,495
gml_Script_scr_spawn_rnd_bigRoom_noWalls,0x28A494A0,497
gml_Script_draw_crosshair_quarter,0x28A49440,499
gml_Script_draw_circle_curve,0x28A493E0,501
gml_Script_scr_roll_next_room,0x28A49360,503
gml_Script_scr_goto_room,0x28A49300,505
gml_Script_scr_quest_finished,0x28A49280,507
gml_Script_scr_skyscraper_draw,0x28A49200,509
gml_Script_scr_deathrecap,0x28A491A0,511
gml_Script_debug,0x28A49140,513
gml_Script_scr_collision_line,0x28A490C0,515
gml_Script_scr_is_in_layer,0x28A49060,517
gml_Script_scr_raycast,0x28A49000,519
gml_Script_scr_filter_layer,0x28A48F80,521
gml_Script_scr_get_collision_normal_dir,0x28A48F00,523
gml_Script_scr_get_collision_rectangle,0x28A48EA0,525
gml_Script_scr_get_collision_free,0x28A48E40,527
gml_Script_scr_invert_layer,0x28A48DE0,529
gml_Script_scr_get_closest_obj_in_range,0x28A48D60,531
gml_Script_scr_grids_add_rectangle,0x28A48D00,533
gml_Script_scr_grids_clear_rectangle,0x28A48CA0,535
gml_Script_scr_grids_add_circle,0x28A48C40,537
gml_Script_scr_grids_clear_circle,0x28A48BC0,539
gml_Script_scr_get_random_pickup_pos,0x28A48B60,541
gml_Script_scr_networking_instantiate,0x28A48B00,543
gml_Script_scr_networking_instantiate_bullet,0x28A48AC0,545
gml_Script_scr_networking_destroy,0x28A48A60,547
gml_Script_scr_get_inst_for_networkId,0x28A48A00,549
gml_Script_scr_send_packet,0x28A489C0,551
gml_Script_scr_MS_request_join_lobby,0x28A48940,553
gml_Script_scr_MS_send_packet_queue,0x28A488E0,555
gml_Script_scr_send_MS_packet,0x28A48880,557
gml_Script_scr_send_net_rpc,0x28A48800,559
gml_Script____struct___1_scr_shared_networking_event_gml_GlobalScript_scr_shared_networking_event,0x28A48780,561
gml_Script____struct___2_scr_shared_networking_event_gml_GlobalScript_scr_shared_networking_event,0x28A48760,562
gml_Script____struct___3_scr_shared_networking_event_gml_GlobalScript_scr_shared_networking_event,0x28A48740,563
gml_Script____struct___4_scr_shared_networking_event_gml_GlobalScript_scr_shared_networking_event,0x28A48720,564
gml_Script_scr_shared_networking_event,0x28A48700,565
gml_Script_scr_instance_create,0x28A486A0,567
gml_Script_scr_new_lobby_notification,0x28A48620,569
gml_Script_scr_encrypt_password,0x28A485C0,571
gml_Script_scr_MS_send_Login,0x28A48540,573
gml_Script_scr_MS_send_RequestPasswordReset,0x28A484E0,575
gml_Script_scr_MS_send_CreateAccount,0x28A48480,577
gml_Script_scr_MS_send_PasswordReset,0x28A48420,579
gml_Script_scr_MS_reopen_lobby,0x28A483C0,581
gml_Script_scr_send_global_chat_message,0x28A48340,583
gml_Script_scr_MS_set_referal,0x28A482E0,585
gml_Script_scr_add_chat_entry,0x28A48260,587
gml_Script_scr_send_LobbyUpdate,0x28A481E0,589
gml_Script_scr_send_ArenaMissionSelect,0x28A48160,591
gml_Script_scr_networking_instantiateSingle,0x28A48120,593
gml_Script_scr_net_subscribe_newsletter,0x28A480C0,595
gml_Script_scr_net_add_statuseffect,0x28A48060,597
gml_Script_scr_net_cleanup_remote,0x28A48000,599
gml_Script_scr_net_write_packet,0x28A47FA0,601
gml_Script_scr_networking_receiving_server,0x28A47F20,603
gml_Script_scr_networking_receiving_client,0x28A47EC0,605
gml_Script_scr_networking_get_region_name,0x28A47E60,607
gml_Script_scr_increase_packetID,0x28A47E00,609
gml_Script_scr_random_set_seed,0x28A47DA0,611
gml_Script_scr_random_get_value,0x28A47D20,613
gml_Script_scr_random_irandom,0x28A47CA0,615
gml_Script_scr_random_random,0x28A47C20,617
gml_Script_scr_random_random_range,0x28A47BA0,619
gml_Script_scr_random_choose,0x28A47B40,621
gml_Script_scr_random_shuffle_list,0x28A47AC0,623
gml_Script_scr_draw_targetlaser,0x28A47A60,625
gml_Script_scr_calculate_targetlaser_distance,0x28A47A00,627
gml_Script_scr_play_sound_at,0x28A479A0,629
gml_Script_scr_antibullet_laser,0x28A47920,631
gml_Script_scr_healing_laser_turret,0x28A478A0,633
gml_Script_scr_mp_grid_cast,0x28A47840,635
gml_Script_draw_SHADER_blur,0x28A477C0,637
gml_Script_scr_update_particle_pos,0x28A47740,639
gml_Script_scr_bullet_chain_get_hits,0x28A476E0,641
gml_Script_scr_enemy_set_stateChanged,0x28A47680,643
gml_Script_scr_mp_get_closest_grid_pos,0x28A47620,645
gml_Script_README,0x28A475E0,647
gml_Script_gfx_blur,0x28A47580,649
gml_Script_gfx_blur_directional,0x28A47500,651
gml_Script_gfx_blur_gaussian,0x28A47480,653
gml_Script_gfx_blur_masked,0x28A47420,655
gml_Script_gfx_blur_radial,0x28A473C0,657
gml_Script_gfx_blur_twist,0x28A47360,659
gml_Script_curve_get_value,0x28A47300,661
gml_Script_scr_ini_open,0x28A472A0,663
gml_Script_scr_file_exists,0x28A47240,665
gml_Script_scr_file_delete,0x28A471E0,667
gml_Script_scr_ini_write_string,0x28A47160,669
gml_Script_scr_sound,0x28A47100,671
gml_Script_draw_circular_progress_bar,0x28A47080,673
gml_Script_scr_tooltip,0x28A47040,675
gml_Script_scr_helptext,0x28A46FE0,677
gml_Script_scr_notification,0x28A46F60,679
gml_Script_scr_button,0x28A46F00,681
gml_Script_scr_button_intro,0x28A46E80,683
gml_Script_scr_slider,0x28A46E20,685
gml_Script_scr_button_check,0x28A46DA0,687
gml_Script_scr_healthbar,0x28A46D40,689
gml_Script_scr_DailyReward,0x28A46CE0,691
gml_Script_scr_mouseover,0x28A46C80,693
gml_Script_scr_tween0,0x28A46C20,695
gml_Script_scr_list_create,0x28A46BC0,697
gml_Script_scr_list_destroy,0x28A46B40,699
gml_Script_scr_get_input,0x28A46AE0,701
gml_Script_scr_rebind_input,0x28A46A60,703
gml_Script_scr_get_input_name,0x28A469E0,705
gml_Script_scr_check_key,0x28A46980,707
gml_Script_scr_check_gamepad_key,0x28A46900,709
gml_Script_scr_gamepad_check_itemBlock,0x28A468A0,711
gml_Script_scr_get_gamepad_key_name,0x28A46840,713
gml_Script_scr_get_key_name,0x28A467E0,715
gml_Script_scr_load_language,0x28A46760,717
gml_Script_scr_load_language_backup,0x28A466E0,719
gml_Script_draw_healthbar_circular,0x28A46680,721
gml_Script_scr_join_team,0x28A46640,723
gml_Script_scr_leave_team,0x28A465E0,725
gml_Script_scr_get_other_team,0x28A46560,727
gml_Script_scr_get_team,0x28A46500,729
gml_Script_scr_get_all_teams,0x28A46480,731
gml_Script_colorpicker,0x28A46420,733
gml_Script_scp_set,0x28A463C0,735
gml_Script_scr_console_input,0x28A46340,737
gml_Script_DissolveShader,0x28A462E0,739
gml_Script_DissolveSettings,0x28A46260,741
gml_Script_action_current_room,0x28A461E0,743
gml_Script_action_end_game,0x28A46180,745
gml_Script_action_kill_object,0x28A46100,747
gml_Script_action_next_room,0x28A46080,749
gml_Script_action_restart_game,0x28A46000,751
gml_Script_action_wrap,0x28A45FA0,753
gml_Script___init_action,0x28A45F40,755
gml_Script_background_get_texture,0x28A45EC0,757
gml_Script_draw_background_tiled,0x28A45E60,759
gml_Script___background_get,0x28A45E00,761
gml_Script___background_get_colour,0x28A45D80,763
gml_Script___background_get_colour_element,0x28A45D20,765
gml_Script___background_get_element,0x28A45CC0,767
gml_Script___background_get_internal,0x28A45C60,769
gml_Script___background_set,0x28A45C00,771
gml_Script___background_set_colour,0x28A45B80,773
gml_Script___background_set_element,0x28A45B20,775
gml_Script___background_set_internal,0x28A45AC0,777
gml_Script___init_background,0x28A45A60,779
gml_Script_d3d_set_fog,0x28A45A00,781
gml_Script_d3d_transform_add_translation,0x28A45980,783
gml_Script_d3d_transform_set_identity,0x28A45920,785
gml_Script_d3d_transform_set_rotation_z,0x28A458C0,787
gml_Script___init_d3d,0x28A45880,789
gml_Script_draw_set_alpha_test,0x28A45800,791
gml_Script_draw_set_blend_mode,0x28A45780,793
gml_Script_draw_set_blend_mode_ext,0x28A45700,795
gml_Script_instance_create,0x28A456C0,797
gml_Script_object_get_depth,0x28A45640,799
gml_Script_texture_set_repeat,0x28A455C0,801
gml_Script_tile_add,0x28A45560,803
gml_Script_tile_delete,0x28A45500,805
gml_Script_tile_exists,0x28A454A0,807
gml_Script_tile_get_background,0x28A45420,809
gml_Script_tile_get_depth,0x28A453C0,811
gml_Script_tile_get_height,0x28A45360,813
gml_Script_tile_get_ids,0x28A45300,815
gml_Script_tile_get_left,0x28A452A0,817
gml_Script_tile_get_top,0x28A45240,819
gml_Script_tile_get_width,0x28A451E0,821
gml_Script_tile_get_x,0x28A45180,823
gml_Script_tile_get_y,0x28A45120,825
gml_Script_tile_layer_find,0x28A450C0,827
gml_Script_tile_set_blend,0x28A45060,829
gml_Script___view_get,0x28A45000,831
gml_Script___view_set,0x28A44FA0,833
gml_Script___view_set_internal,0x28A44F20,835
gml_Script___init_view,0x28A44EC0,837
gml_Script___init_global,0x28A44E60,839
gml_Script___global_object_depths,0x28A44DE0,841
gml_Script_scr_rumble,0x28A44DA0,843
gml_Script_scr_reset_tokens,0x28A44D20,845
gml_Script_scr_powerup,0x28A44CC0,847
gml_Script_scr_perks_mars,0x28A44C60,849
gml_Script_scr_has_supporter_pack,0x28A44BE0,851
gml_Script_scr_has_supporter_pack2,0x28A44B80,853
gml_Script_scr_has_arena_pack,0x28A44B20,855
gml_Script_scr_has_synthetik,0x28A44AA0,857
gml_Script_scr_load_languages_fixed,0x28A44A20,859
gml_Script_scr_perk_system,0x28A449E0,861
gml_Script_scr_pauseCheck,0x28A44980,863
gml_Script_scr_fightCheck,0x28A44920,865
gml_Script_scr_check_DLCS,0x28A448C0,867
gml_Script_scr_KPI_Arena,0x28A44860,869
gml_Script_scr_change_gamemode,0x28A447E0,871
gml_Script_scr_load_progress,0x28A44760,873
gml_Script_scr_savegame_ini,0x28A446E0,875
gml_Script_scr_progress_ini_save,0x28A44660,877
gml_Script_scr_load_statistics,0x28A44600,879
gml_Script_scr_statistics_ini,0x28A44580,881
gml_Script_scr_statistics_saving,0x28A44500,883
gml_Script_scr_settings_load,0x28A444A0,885
gml_Script_scr_settings_ini,0x28A44420,887
gml_Script_scr_settings_ini_save,0x28A443A0,889
gml_Script_scr_map_to_string,0x28A44340,891
gml_Script_scr_handle_switch_online,0x28A442C0,893
gml_Script_scr_check_achievements,0x28A44260,895
gml_Script_scr_set_Achievement,0x28A44200,897
gml_Script_scr_unlock_outgame_progress,0x28A44180,899
gml_Script_scr_boss_dialogs,0x28A44120,901
gml_Script_scr_ds_grid_get,0x28A440C0,903
gml_Script_scr_mp_grid_get_cell,0x28A44040,905
gml_Script_scr_ds_grid_set,0x28A43FE0,907
gml_Script_scr_ds_grid_set_region,0x28A43F60,909
gml_Script_DOCUMENTATION_README,0x28A43F00,911
gml_Script_draw_9slice,0x28A43EA0,913
gml_Script_slice_init,0x28A43E40,915
gml_Script_slice_pragma,0x28A43DE0,917
gml_Script_scr_technologies,0x28A43D60,919
gml_Script_scr_prefetch_queue,0x28A43CE0,921
gml_Script____struct___5_gml_Object_outgame_Create_0,0x28A43CA0,922
gml_Script____struct___6_gml_Object_obj_enm_base_parent_Create_0,0x28A43C80,923
gml_Script____struct___7_gml_Object_obj_moving_entity_PARENT_Other_22,0x28A43C60,924
gml_Script____struct___8_gml_Object_obj_moving_entity_PARENT_Other_22,0x28A43C40,925